airport,airportLabel,country,countryLabel,continent,continentLabel,coordinate_location,image
http://www.wikidata.org/entity/Q17523,Bathurst Airport,http://www.wikidata.org/entity/Q16,Canada,http://www.wikidata.org/entity/Q49,North America,Point(-65.7389 47.6297),http://commons.wikimedia.org/wiki/Special:FilePath/A%C3%A9roport%20Bathurst.JPG
http://www.wikidata.org/entity/Q17523,Bathurst Airport,http://www.wikidata.org/entity/Q16,Canada,http://www.wikidata.org/entity/Q49,North America,Point(-65.7389 47.6297),http://commons.wikimedia.org/wiki/Special:FilePath/Bathurst%20Regional%20Airport.jpg
http://www.wikidata.org/entity/Q8688,San Francisco International Airport,http://www.wikidata.org/entity/Q30,United States of America,http://www.wikidata.org/entity/Q49,North America,Point(-122.375 37.618888888),http://commons.wikimedia.org/wiki/Special:FilePath/Aerial%20view%20of%20San%20Francisco%20International%20Airport%202010.jpg
http://www.wikidata.org/entity/Q8731,Los Angeles International Airport,http://www.wikidata.org/entity/Q30,United States of America,http://www.wikidata.org/entity/Q49,North America,Point(-118.408056 33.9425),http://commons.wikimedia.org/wiki/Special:FilePath/LAX%20LA.jpg
http://www.wikidata.org/entity/Q8731,Los Angeles International Airport,http://www.wikidata.org/entity/Q30,United States of America,http://www.wikidata.org/entity/Q49,North America,Point(-118.408056 33.9425),http://commons.wikimedia.org/wiki/Special:FilePath/LAX2.jpg
http://www.wikidata.org/entity/Q14295,Seattle–Tacoma International Airport,http://www.wikidata.org/entity/Q30,United States of America,http://www.wikidata.org/entity/Q49,North America,Point(-122.309444 47.448889),http://commons.wikimedia.org/wiki/Special:FilePath/Aerial%20KSEA%20May%202012.JPG
http://www.wikidata.org/entity/Q17480,Antwerp International Airport,http://www.wikidata.org/entity/Q31,Belgium,http://www.wikidata.org/entity/Q46,Europe,Point(4.460277777 51.189444444),http://commons.wikimedia.org/wiki/Special:FilePath/Antwerp%20Airport%20%28Deurne%29.jpg
http://www.wikidata.org/entity/Q17480,Antwerp International Airport,http://www.wikidata.org/entity/Q31,Belgium,http://www.wikidata.org/entity/Q46,Europe,Point(4.460277777 51.189444444),http://commons.wikimedia.org/wiki/Special:FilePath/Luchthavengebouw%20Antwerpen-Deurne.jpg
http://www.wikidata.org/entity/Q9064,Carrasco International Airport,http://www.wikidata.org/entity/Q77,Uruguay,http://www.wikidata.org/entity/Q18,South America,Point(-56.030833333 -34.838333333),http://commons.wikimedia.org/wiki/Special:FilePath/Airport%20%28235599585%29.jpeg
http://www.wikidata.org/entity/Q9071,Capitán de Corbeta Carlos A. Curbelo International Airport,http://www.wikidata.org/entity/Q77,Uruguay,http://www.wikidata.org/entity/Q18,South America,Point(-55.094166666 -34.855),http://commons.wikimedia.org/wiki/Special:FilePath/Flughafen%20Punta%20del%20Este.jpg
http://www.wikidata.org/entity/Q1547,Lyon–Saint-Exupéry Airport,http://www.wikidata.org/entity/Q142,France,http://www.wikidata.org/entity/Q46,Europe,Point(5.081111111 45.725555555),http://commons.wikimedia.org/wiki/Special:FilePath/Vue%20a%C3%A9rienne%20d%27une%20partie%20de%20l%27a%C3%A9roport%20de%20Lyon%20Saint-Exup%C3%A9ry%20et%20de%20la%20gare%20TGV%20%28septembre%202022%29.jpg
http://www.wikidata.org/entity/Q4102,Lyon-Bron Airport,http://www.wikidata.org/entity/Q142,France,http://www.wikidata.org/entity/Q46,Europe,Point(4.938888 45.729445),http://commons.wikimedia.org/wiki/Special:FilePath/A%C3%A9rodrome%20Lyon-Bron.JPG
http://www.wikidata.org/entity/Q17430,Roland Garros Airport,http://www.wikidata.org/entity/Q142,France,http://www.wikidata.org/entity/Q46,Europe,Point(55.516388888 -20.89),http://commons.wikimedia.org/wiki/Special:FilePath/A%C3%A9roport-Roland-Garros.jpg
http://www.wikidata.org/entity/Q17431,Pierrefonds Airport,http://www.wikidata.org/entity/Q142,France,http://www.wikidata.org/entity/Q46,Europe,Point(55.425555555 -21.321666666),http://commons.wikimedia.org/wiki/Special:FilePath/Pierrefond.JPG
http://www.wikidata.org/entity/Q8694,Manchester Airport,http://www.wikidata.org/entity/Q145,United Kingdom,http://www.wikidata.org/entity/Q46,Europe,Point(-2.275 53.353889),http://commons.wikimedia.org/wiki/Special:FilePath/Manchester%20Airport.jpg
http://www.wikidata.org/entity/Q8716,Edinburgh Airport,http://www.wikidata.org/entity/Q145,United Kingdom,http://www.wikidata.org/entity/Q46,Europe,Point(-3.3725 55.95),http://commons.wikimedia.org/wiki/Special:FilePath/Edinburgh%20Airport%201.jpg
http://www.wikidata.org/entity/Q8719,Birmingham Airport,http://www.wikidata.org/entity/Q145,United Kingdom,http://www.wikidata.org/entity/Q46,Europe,Point(-1.748055555 52.453888888),http://commons.wikimedia.org/wiki/Special:FilePath/Birmingham%20Airport%2C%20England%2C%20Feb.%202008.jpg
http://www.wikidata.org/entity/Q8721,Glasgow Airport,http://www.wikidata.org/entity/Q145,United Kingdom,http://www.wikidata.org/entity/Q46,Europe,Point(-4.433055555 55.871944444),http://commons.wikimedia.org/wiki/Special:FilePath/GlasgowAirportFromAir.jpg
http://www.wikidata.org/entity/Q8725,Bristol Airport,http://www.wikidata.org/entity/Q145,United Kingdom,http://www.wikidata.org/entity/Q46,Europe,Point(-2.719167 51.382778),http://commons.wikimedia.org/wiki/Special:FilePath/N%20Side%20Road%2C%20Bristol%20Airport%20-%20geograph.org.uk%20-%203737093.jpg
http://www.wikidata.org/entity/Q8727,Liverpool John Lennon Airport,http://www.wikidata.org/entity/Q145,United Kingdom,http://www.wikidata.org/entity/Q46,Europe,Point(-2.849722222 53.333611111),http://commons.wikimedia.org/wiki/Special:FilePath/John%20Lennon%20Airport%20Lpool.jpg
http://www.wikidata.org/entity/Q8975,Newcastle International Airport,http://www.wikidata.org/entity/Q145,United Kingdom,http://www.wikidata.org/entity/Q46,Europe,Point(-1.691666666 55.0375),http://commons.wikimedia.org/wiki/Special:FilePath/Newcastle%20International%20Airport%20-%20geograph.org.uk%20-%20308047.jpg
http://www.wikidata.org/entity/Q8977,East Midlands Airport,http://www.wikidata.org/entity/Q145,United Kingdom,http://www.wikidata.org/entity/Q46,Europe,Point(-1.328055555 52.831111111),http://commons.wikimedia.org/wiki/Special:FilePath/East%20Midlands2.JPG
http://www.wikidata.org/entity/Q8979,Belfast International Airport,http://www.wikidata.org/entity/Q145,United Kingdom,http://www.wikidata.org/entity/Q46,Europe,Point(-6.215833 54.6575),http://commons.wikimedia.org/wiki/Special:FilePath/Belfast%20International%20Airport%20-%20geograph.org.uk%20-%20119152.jpg
http://www.wikidata.org/entity/Q8981,Aberdeen Airport,http://www.wikidata.org/entity/Q145,United Kingdom,http://www.wikidata.org/entity/Q46,Europe,Point(-2.197778 57.201944),http://commons.wikimedia.org/wiki/Special:FilePath/Aberdeen%20Airport%20-%20geograph.org.uk%20-%201470090.jpg
http://www.wikidata.org/entity/Q8981,Aberdeen Airport,http://www.wikidata.org/entity/Q145,United Kingdom,http://www.wikidata.org/entity/Q46,Europe,Point(-2.197778 57.201944),http://commons.wikimedia.org/wiki/Special:FilePath/Aberdeen%20Airport%20Control%20Tower%20-%20geograph.org.uk%20-%20707216.jpg
http://www.wikidata.org/entity/Q8981,Aberdeen Airport,http://www.wikidata.org/entity/Q145,United Kingdom,http://www.wikidata.org/entity/Q46,Europe,Point(-2.197778 57.201944),http://commons.wikimedia.org/wiki/Special:FilePath/Aberdeen%20Airport%20terminal%20close%20up%2023-03-11.JPG
http://www.wikidata.org/entity/Q8981,Aberdeen Airport,http://www.wikidata.org/entity/Q145,United Kingdom,http://www.wikidata.org/entity/Q46,Europe,Point(-2.197778 57.201944),http://commons.wikimedia.org/wiki/Special:FilePath/Check-in%2C%20Aberdeen%20Airport%20-%20geograph.org.uk%20-%201753732.jpg
http://www.wikidata.org/entity/Q8982,London City Airport,http://www.wikidata.org/entity/Q145,United Kingdom,http://www.wikidata.org/entity/Q46,Europe,Point(0.055278 51.505278),http://commons.wikimedia.org/wiki/Special:FilePath/London%20City%20Airport%20Zwart.jpg
http://www.wikidata.org/entity/Q8987,George Best Belfast City Airport,http://www.wikidata.org/entity/Q145,United Kingdom,http://www.wikidata.org/entity/Q46,Europe,Point(-5.871233 54.615486),http://commons.wikimedia.org/wiki/Special:FilePath/George%20Best%20Belfast%20City%20Airport%20-%20geograph.org.uk%20-%20714574.jpg
http://www.wikidata.org/entity/Q8988,Southampton Airport,http://www.wikidata.org/entity/Q145,United Kingdom,http://www.wikidata.org/entity/Q46,Europe,Point(-1.356666666 50.950277777),http://commons.wikimedia.org/wiki/Special:FilePath/Southampton%20Airport%20Control%20Tower%20-%20geograph.org.uk%20-%2028103.jpg
http://www.wikidata.org/entity/Q8992,Glasgow Prestwick Airport,http://www.wikidata.org/entity/Q145,United Kingdom,http://www.wikidata.org/entity/Q46,Europe,Point(-4.594444444 55.509444444),http://commons.wikimedia.org/wiki/Special:FilePath/GPAirport.jpg
http://www.wikidata.org/entity/Q8994,Cardiff Airport,http://www.wikidata.org/entity/Q145,United Kingdom,http://www.wikidata.org/entity/Q46,Europe,Point(-3.343333333 51.396666666),http://commons.wikimedia.org/wiki/Special:FilePath/CardiffInternationalAirport.jpg
http://www.wikidata.org/entity/Q8996,Doncaster Sheffield Airport,http://www.wikidata.org/entity/Q145,United Kingdom,http://www.wikidata.org/entity/Q46,Europe,Point(-1.004166666 53.475277777),http://commons.wikimedia.org/wiki/Special:FilePath/Robin%20Hood%20Airport%202006-04-02.jpg
http://www.wikidata.org/entity/Q8999,Exeter Airport,http://www.wikidata.org/entity/Q145,United Kingdom,http://www.wikidata.org/entity/Q46,Europe,Point(-3.413888888 50.734444444),http://commons.wikimedia.org/wiki/Special:FilePath/ExeterAirportUK.jpg
http://www.wikidata.org/entity/Q14300,Canberra International Airport,http://www.wikidata.org/entity/Q408,Australia,http://www.wikidata.org/entity/Q55643,Oceania,Point(149.195 -35.306944444),http://commons.wikimedia.org/wiki/Special:FilePath/Canberra%20Airport%20overview%20Gilbert.jpg
http://www.wikidata.org/entity/Q14300,Canberra International Airport,http://www.wikidata.org/entity/Q408,Australia,http://www.wikidata.org/entity/Q55643,Oceania,Point(149.195 -35.306944444),http://commons.wikimedia.org/wiki/Special:FilePath/Canberra%20Airport%20terminal%20Gilbert.jpg
http://www.wikidata.org/entity/Q14302,Adelaide Airport,http://www.wikidata.org/entity/Q408,Australia,http://www.wikidata.org/entity/Q55643,Oceania,Point(138.530555555 -34.945),http://commons.wikimedia.org/wiki/Special:FilePath/AdelaideAirportSkyline.jpg
http://www.wikidata.org/entity/Q14308,Parafield Airport,http://www.wikidata.org/entity/Q408,Australia,http://www.wikidata.org/entity/Q55643,Oceania,Point(138.633055555 -34.793333333),http://commons.wikimedia.org/wiki/Special:FilePath/Parafield%20Airport%20tower%20Vabre-1.jpg
http://www.wikidata.org/entity/Q14308,Parafield Airport,http://www.wikidata.org/entity/Q408,Australia,http://www.wikidata.org/entity/Q55643,Oceania,Point(138.633055555 -34.793333333),http://commons.wikimedia.org/wiki/Special:FilePath/Parafield%20Airport%20tower%20Vabre.jpg
http://www.wikidata.org/entity/Q14312,Ceduna Airport,http://www.wikidata.org/entity/Q408,Australia,http://www.wikidata.org/entity/Q55643,Oceania,Point(133.709722222 -32.130555555),http://commons.wikimedia.org/wiki/Special:FilePath/Ceduna%20Airport.jpg
http://www.wikidata.org/entity/Q14315,Cleve Airport,http://www.wikidata.org/entity/Q408,Australia,http://www.wikidata.org/entity/Q55643,Oceania,Point(136.505 -33.71),http://commons.wikimedia.org/wiki/Special:FilePath/Cleve-ms-apt-13feb1996.jpg
http://www.wikidata.org/entity/Q14324,Kingscote Airport,http://www.wikidata.org/entity/Q408,Australia,http://www.wikidata.org/entity/Q55643,Oceania,Point(137.521666666 -35.713888888),http://commons.wikimedia.org/wiki/Special:FilePath/Kingscote%20Airport%20YKSC%20airborne%20view.jpg
http://www.wikidata.org/entity/Q14331,Mount Gambier Airport,http://www.wikidata.org/entity/Q408,Australia,http://www.wikidata.org/entity/Q55643,Oceania,Point(140.785277777 -37.745555555),http://commons.wikimedia.org/wiki/Special:FilePath/Mount%20Gambier%20Airport%20terminal%20exterior.jpg
http://www.wikidata.org/entity/Q15100,Naracoorte Airport,http://www.wikidata.org/entity/Q408,Australia,http://www.wikidata.org/entity/Q55643,Oceania,Point(140.725 -36.985),http://commons.wikimedia.org/wiki/Special:FilePath/Naracoorte%20Aero%20Club%20%28VH-WTU%29%20Cessna%20172S%20Skyhawk%20SP%20at%20Wagga%20Wagga%20Airport.jpg
http://www.wikidata.org/entity/Q15101,Port Augusta Airport,http://www.wikidata.org/entity/Q408,Australia,http://www.wikidata.org/entity/Q55643,Oceania,Point(137.716666666 -32.506944444),http://commons.wikimedia.org/wiki/Special:FilePath/Short%20Solent%20III%20%E2%80%98G-AKNP%E2%80%99%20%E2%80%9CCity%20of%20Cardiff%E2%80%9D%20%2830471643692%29.jpg
http://www.wikidata.org/entity/Q15101,Port Augusta Airport,http://www.wikidata.org/entity/Q408,Australia,http://www.wikidata.org/entity/Q55643,Oceania,Point(137.716666666 -32.506944444),http://commons.wikimedia.org/wiki/Special:FilePath/VH-VZA%20%27Port%20Augusta%27%20Boeing%20737-838%20Qantas%20%286601869911%29.jpg
http://www.wikidata.org/entity/Q15103,Port Pirie Airport,http://www.wikidata.org/entity/Q408,Australia,http://www.wikidata.org/entity/Q55643,Oceania,Point(137.995 -33.238888888),http://commons.wikimedia.org/wiki/Special:FilePath/Bellman%20hangar%20located%20at%20Port%20Pirie%20Airport.jpg
http://www.wikidata.org/entity/Q15106,Renmark Airport,http://www.wikidata.org/entity/Q408,Australia,http://www.wikidata.org/entity/Q55643,Oceania,Point(140.673333333 -34.196666666),http://commons.wikimedia.org/wiki/Special:FilePath/Renmark%20Flying%20Group%20%28VH-XYI%29%20Socata%20TB-10%20Tobago%20at%20Wagga%20Wagga%20Airport.jpg
http://www.wikidata.org/entity/Q15109,Whyalla Airport,http://www.wikidata.org/entity/Q408,Australia,http://www.wikidata.org/entity/Q55643,Oceania,Point(137.514444444 -33.058888888),http://commons.wikimedia.org/wiki/Special:FilePath/Whyalla%20Airstrip%20%2827256619881%29.jpg
http://www.wikidata.org/entity/Q15496,Devonport Airport,http://www.wikidata.org/entity/Q408,Australia,http://www.wikidata.org/entity/Q55643,Oceania,Point(146.430277777 -41.169722222),http://commons.wikimedia.org/wiki/Special:FilePath/Devonport%20Airport%20aerial1.JPG
http://www.wikidata.org/entity/Q15496,Devonport Airport,http://www.wikidata.org/entity/Q408,Australia,http://www.wikidata.org/entity/Q55643,Oceania,Point(146.430277777 -41.169722222),http://commons.wikimedia.org/wiki/Special:FilePath/Devonport%20Airport%20airside.jpg
http://www.wikidata.org/entity/Q15497,Flinders Island Airport,http://www.wikidata.org/entity/Q408,Australia,http://www.wikidata.org/entity/Q55643,Oceania,Point(147.992777777 -40.091388888),http://commons.wikimedia.org/wiki/Special:FilePath/Cessna%20207%20VH-FIF%20Flinders%20MBW%2030.01.71%20edited-3.jpg
http://www.wikidata.org/entity/Q15498,Hobart Airport,http://www.wikidata.org/entity/Q408,Australia,http://www.wikidata.org/entity/Q55643,Oceania,Point(147.510278 -42.836112),http://commons.wikimedia.org/wiki/Special:FilePath/Hobart%20Airportview.jpg
http://www.wikidata.org/entity/Q15498,Hobart Airport,http://www.wikidata.org/entity/Q408,Australia,http://www.wikidata.org/entity/Q55643,Oceania,Point(147.510278 -42.836112),http://commons.wikimedia.org/wiki/Special:FilePath/HobartAirportTerminal.jpg
http://www.wikidata.org/entity/Q15501,Cambridge Aerodrome,http://www.wikidata.org/entity/Q408,Australia,http://www.wikidata.org/entity/Q55643,Oceania,Point(147.475 -42.826666666),http://commons.wikimedia.org/wiki/Special:FilePath/Cambridge%20Airport%20Tas1.jpg
http://www.wikidata.org/entity/Q15514,King Island Airport,http://www.wikidata.org/entity/Q408,Australia,http://www.wikidata.org/entity/Q55643,Oceania,Point(143.878333333 -39.8775),http://commons.wikimedia.org/wiki/Special:FilePath/US%20Virgin%20Islands%20%E2%80%94%20Cyril%20E.%20King%20Airport.JPG
http://www.wikidata.org/entity/Q15520,Launceston Airport,http://www.wikidata.org/entity/Q408,Australia,http://www.wikidata.org/entity/Q55643,Oceania,Point(147.215 -41.545),http://commons.wikimedia.org/wiki/Special:FilePath/Launceston%20Airport%20Terminal.jpg
http://www.wikidata.org/entity/Q15533,Strahan Airport,http://www.wikidata.org/entity/Q408,Australia,http://www.wikidata.org/entity/Q55643,Oceania,Point(145.291388888 -42.155555555),http://commons.wikimedia.org/wiki/Special:FilePath/Strahan%20Airport%202.JPG
http://www.wikidata.org/entity/Q15533,Strahan Airport,http://www.wikidata.org/entity/Q408,Australia,http://www.wikidata.org/entity/Q55643,Oceania,Point(145.291388888 -42.155555555),http://commons.wikimedia.org/wiki/Special:FilePath/Strahan%20Airport%203.JPG
http://www.wikidata.org/entity/Q15540,Burnie Airport,http://www.wikidata.org/entity/Q408,Australia,http://www.wikidata.org/entity/Q55643,Oceania,Point(145.731111111 -40.998888888),http://commons.wikimedia.org/wiki/Special:FilePath/Burnie%20Airport%202022%2001.jpg
http://www.wikidata.org/entity/Q17440,Albury Airport,http://www.wikidata.org/entity/Q408,Australia,http://www.wikidata.org/entity/Q55643,Oceania,Point(146.960277777 -36.066666666),http://commons.wikimedia.org/wiki/Special:FilePath/Albury-airport.jpg
http://www.wikidata.org/entity/Q17440,Albury Airport,http://www.wikidata.org/entity/Q408,Australia,http://www.wikidata.org/entity/Q55643,Oceania,Point(146.960277777 -36.066666666),http://commons.wikimedia.org/wiki/Special:FilePath/Albury%20Airport.jpg
http://www.wikidata.org/entity/Q17441,Armidale Airport,http://www.wikidata.org/entity/Q408,Australia,http://www.wikidata.org/entity/Q55643,Oceania,Point(151.6177778 -30.531666666),http://commons.wikimedia.org/wiki/Special:FilePath/Armidale%20Regional%20Airport%2C%20New%20South%20Wales%20%2810005706805%29.jpg
http://www.wikidata.org/entity/Q17443,Ballina Byron Gateway Airport,http://www.wikidata.org/entity/Q408,Australia,http://www.wikidata.org/entity/Q55643,Oceania,Point(153.561666666 -28.833333333),http://commons.wikimedia.org/wiki/Special:FilePath/Ballina%20Byron%20Gateway%20Airport%20terminal%20and%20Jetstar%20A320.jpg
http://www.wikidata.org/entity/Q17521,Bankstown Airport,http://www.wikidata.org/entity/Q408,Australia,http://www.wikidata.org/entity/Q55643,Oceania,Point(150.9844444 -33.923333333),http://commons.wikimedia.org/wiki/Special:FilePath/Bankstown%20Airport%2020041128.jpg
http://www.wikidata.org/entity/Q17526,Bourke Airport,http://www.wikidata.org/entity/Q408,Australia,http://www.wikidata.org/entity/Q55643,Oceania,Point(145.951666666 -30.038333333),http://commons.wikimedia.org/wiki/Special:FilePath/AU-NSW-North%20Bourke-Airport%20reception%20building%20front-2021.jpg
http://www.wikidata.org/entity/Q17528,Broken Hill Airport,http://www.wikidata.org/entity/Q408,Australia,http://www.wikidata.org/entity/Q55643,Oceania,Point(141.4677778 -32.006666666),http://commons.wikimedia.org/wiki/Special:FilePath/Broken%20Hill%20Airport%20overview%20Vabre.jpg
http://www.wikidata.org/entity/Q17529,Camden Airport,http://www.wikidata.org/entity/Q408,Australia,http://www.wikidata.org/entity/Q55643,Oceania,Point(150.6844444 -34.048333333),http://commons.wikimedia.org/wiki/Special:FilePath/Aerial%20view%20of%20Camden%20Airport.JPG
http://www.wikidata.org/entity/Q17531,Cobar Airport,http://www.wikidata.org/entity/Q408,Australia,http://www.wikidata.org/entity/Q55643,Oceania,Point(145.793333333 -31.538333333),http://commons.wikimedia.org/wiki/Special:FilePath/Cobar%20Airport%202009-03-06.jpg
http://www.wikidata.org/entity/Q17532,Coffs Harbour Airport,http://www.wikidata.org/entity/Q408,Australia,http://www.wikidata.org/entity/Q55643,Oceania,Point(153.116666666 -30.32),http://commons.wikimedia.org/wiki/Special:FilePath/Cfsairport1.jpg
http://www.wikidata.org/entity/Q17535,Coonabarabran Airport,http://www.wikidata.org/entity/Q408,Australia,http://www.wikidata.org/entity/Q55643,Oceania,Point(149.2677778 -31.331666666),http://commons.wikimedia.org/wiki/Special:FilePath/Coonabarabran%20Airport%20terminal.jpg
http://www.wikidata.org/entity/Q17537,Cootamundra Airport,http://www.wikidata.org/entity/Q408,Australia,http://www.wikidata.org/entity/Q55643,Oceania,Point(148.0344444 -34.631666666),http://commons.wikimedia.org/wiki/Special:FilePath/Arthur%20Butler%20Terminal%20at%20Cootamundra%20Airport.jpg
http://www.wikidata.org/entity/Q17540,Deniliquin Airport,http://www.wikidata.org/entity/Q408,Australia,http://www.wikidata.org/entity/Q55643,Oceania,Point(144.946666666 -35.56),http://commons.wikimedia.org/wiki/Special:FilePath/Frola%2074062%201240433439%20%285730086204%29.jpg
http://www.wikidata.org/entity/Q17542,Dubbo City Regional Airport,http://www.wikidata.org/entity/Q408,Australia,http://www.wikidata.org/entity/Q55643,Oceania,Point(148.574722222 -32.216666666),http://commons.wikimedia.org/wiki/Special:FilePath/Dubbo%20City%20Airport.jpg
http://www.wikidata.org/entity/Q17545,Goulburn Airport,http://www.wikidata.org/entity/Q408,Australia,http://www.wikidata.org/entity/Q55643,Oceania,Point(149.7177778 -34.815),http://commons.wikimedia.org/wiki/Special:FilePath/Goulburn%20Airport%20%286485631243%29.jpg
http://www.wikidata.org/entity/Q17547,Griffith Airport,http://www.wikidata.org/entity/Q408,Australia,http://www.wikidata.org/entity/Q55643,Oceania,Point(146.0677778 -34.248333333),http://commons.wikimedia.org/wiki/Special:FilePath/New%20Griffith%20Airport%20Terminal.JPG
http://www.wikidata.org/entity/Q17548,Gunnedah Airport,http://www.wikidata.org/entity/Q408,Australia,http://www.wikidata.org/entity/Q55643,Oceania,Point(150.25 -30.961666666),http://commons.wikimedia.org/wiki/Special:FilePath/Cessna%20150%20%285789993034%29.jpg
http://www.wikidata.org/entity/Q17559,Lord Howe Island Airport,http://www.wikidata.org/entity/Q408,Australia,http://www.wikidata.org/entity/Q55643,Oceania,Point(159.077222222 -31.538333333),http://commons.wikimedia.org/wiki/Special:FilePath/Lord%20Howe%20ISS006-E-5731.png
http://www.wikidata.org/entity/Q8991,Jersey Airport,http://www.wikidata.org/entity/Q785,Jersey,http://www.wikidata.org/entity/Q46,Europe,Point(-2.195277777 49.208055555),http://commons.wikimedia.org/wiki/Special:FilePath/Jersey%20Airport.JPG
http://www.wikidata.org/entity/Q4156,Dong Hoi Airport,http://www.wikidata.org/entity/Q881,Vietnam,http://www.wikidata.org/entity/Q48,Asia,Point(106.590555555 17.515),http://commons.wikimedia.org/wiki/Special:FilePath/DHAirport4.jpg
http://www.wikidata.org/entity/Q9001,Isle of Man Airport,http://www.wikidata.org/entity/Q9676,Isle of Man,http://www.wikidata.org/entity/Q46,Europe,Point(-4.623888888 54.083333333),http://commons.wikimedia.org/wiki/Special:FilePath/Isle%20of%20Man%20Airport.jpg
http://www.wikidata.org/entity/Q8995,Guernsey Airport,http://www.wikidata.org/entity/Q25230,Bailiwick of Guernsey,http://www.wikidata.org/entity/Q46,Europe,Point(-2.601944444 49.435),http://commons.wikimedia.org/wiki/Special:FilePath/Guernsey%20Airport%20Terminal.jpg
http://www.wikidata.org/entity/Q15548,Berbera Airport,http://www.wikidata.org/entity/Q34754,Somaliland,http://www.wikidata.org/entity/Q15,Africa,Point(44.941105555 10.389166666),http://commons.wikimedia.org/wiki/Special:FilePath/Berbera%20Airport%20Jun%202020.png
http://www.wikidata.org/entity/Q36454,Narita International Airport,http://www.wikidata.org/entity/Q17,Japan,http://www.wikidata.org/entity/Q48,Asia,Point(140.38845 35.7649),http://commons.wikimedia.org/wiki/Special:FilePath/Narita%20International%20Air%20Port%20%28cropped%29.jpg
http://www.wikidata.org/entity/Q26504,"Mo i Rana Airport, Røssvoll",http://www.wikidata.org/entity/Q20,Norway,http://www.wikidata.org/entity/Q46,Europe,Point(14.301388888 66.363888888),http://commons.wikimedia.org/wiki/Special:FilePath/Mo%20I%20Rana%20Airport.JPG
http://www.wikidata.org/entity/Q26514,"Narvik Airport, Framnes",http://www.wikidata.org/entity/Q20,Norway,http://www.wikidata.org/entity/Q46,Europe,Point(17.386667 68.436945),http://commons.wikimedia.org/wiki/Special:FilePath/Narvik%20airport.JPG
http://www.wikidata.org/entity/Q39164,Bodø Airport,http://www.wikidata.org/entity/Q20,Norway,http://www.wikidata.org/entity/Q46,Europe,Point(14.365277777 67.269166666),http://commons.wikimedia.org/wiki/Special:FilePath/Bod%C3%B8%20lufthavn.jpg
http://www.wikidata.org/entity/Q17567,Scottsdale Airport,http://www.wikidata.org/entity/Q30,United States of America,http://www.wikidata.org/entity/Q49,North America,Point(-111.910555555 33.622777777),http://commons.wikimedia.org/wiki/Special:FilePath/Scottsdale%20Airport-2006-USGS.jpg
http://www.wikidata.org/entity/Q26215,Mora-Siljan Airport,http://www.wikidata.org/entity/Q34,Sweden,http://www.wikidata.org/entity/Q46,Europe,Point(14.511111111 60.958611111),http://commons.wikimedia.org/wiki/Special:FilePath/Mora%20flygplats.JPG
http://www.wikidata.org/entity/Q26256,Lycksele Airport,http://www.wikidata.org/entity/Q34,Sweden,http://www.wikidata.org/entity/Q46,Europe,Point(18.716111111 64.548055555),http://commons.wikimedia.org/wiki/Special:FilePath/Lycksele%20flygplats-2012-06-23.jpg
http://www.wikidata.org/entity/Q29759,Fano Airport,http://www.wikidata.org/entity/Q38,Italy,http://www.wikidata.org/entity/Q46,Europe,Point(13.02558056 43.82378333),http://commons.wikimedia.org/wiki/Special:FilePath/SIAI-Marchetti%20SF260D%2C%20Aero%20Club%20-%20Fano%20JP6381693.jpg
http://www.wikidata.org/entity/Q38805,Gustaf III Airport,http://www.wikidata.org/entity/Q142,France,http://www.wikidata.org/entity/Q46,Europe,Point(-62.843888888 17.904444444),http://commons.wikimedia.org/wiki/Special:FilePath/Cessna%20208B%20Grand%20Caravan%20AN2096268.jpg
http://www.wikidata.org/entity/Q36420,Shanghai Pudong International Airport,http://www.wikidata.org/entity/Q148,People's Republic of China,http://www.wikidata.org/entity/Q48,Asia,Point(121.805278 31.143333),http://commons.wikimedia.org/wiki/Special:FilePath/Shanghai%20Pudong%20International%20Airport%20Interior.jpg
http://www.wikidata.org/entity/Q44868,Guangzhou Baiyun International Airport,http://www.wikidata.org/entity/Q148,People's Republic of China,http://www.wikidata.org/entity/Q48,Asia,Point(113.298786111 23.392436111),http://commons.wikimedia.org/wiki/Special:FilePath/Guangzhou%20Baiyun%20International%20Airport%20Terminal%202.jpg
http://www.wikidata.org/entity/Q27217,Mogilev Airport,http://www.wikidata.org/entity/Q184,Belarus,http://www.wikidata.org/entity/Q46,Europe,Point(30.095 53.955),http://commons.wikimedia.org/wiki/Special:FilePath/%D0%90%D1%8D%D1%80%D0%BE%D0%B4%D1%80%D0%BE%D0%BC%D1%8B%20%D0%B8%20%D1%82%D0%B5%D1%80%D0%BC%D0%B8%D0%BD%D0%B0%D0%BB%D1%8B-%D0%92%D0%9F%D0%9F%2C%20%D0%9C%D0%BE%D0%B3%D0%B8%D0%BB%D0%B5%D0%B2%20RP128908.jpg
http://www.wikidata.org/entity/Q27546,Gomel Airport,http://www.wikidata.org/entity/Q184,Belarus,http://www.wikidata.org/entity/Q46,Europe,Point(31.016666666 52.526944444),http://commons.wikimedia.org/wiki/Special:FilePath/Gomel%20Airport%20Bubin.jpg
http://www.wikidata.org/entity/Q27268,Oral Ak Zhol Airport,http://www.wikidata.org/entity/Q232,Kazakhstan,http://www.wikidata.org/entity/Q46,Europe,Point(51.543055555 51.150833333),http://commons.wikimedia.org/wiki/Special:FilePath/Oral%20Airport.JPG
http://www.wikidata.org/entity/Q27268,Oral Ak Zhol Airport,http://www.wikidata.org/entity/Q232,Kazakhstan,http://www.wikidata.org/entity/Q48,Asia,Point(51.543055555 51.150833333),http://commons.wikimedia.org/wiki/Special:FilePath/Oral%20Airport.JPG
http://www.wikidata.org/entity/Q25060,Oued Irara–Krim Belkacem Airport,http://www.wikidata.org/entity/Q262,Algeria,http://www.wikidata.org/entity/Q15,Africa,Point(6.140556 31.673889),http://commons.wikimedia.org/wiki/Special:FilePath/HassiMessaoudIntArrivals.jpg
http://www.wikidata.org/entity/Q32159,Singapore Changi Airport,http://www.wikidata.org/entity/Q334,Singapore,http://www.wikidata.org/entity/Q48,Asia,Point(103.989444 1.359167),http://commons.wikimedia.org/wiki/Special:FilePath/Singapore%20Changi%20Airport%20with%20Jewel%20in%20the%20background.jpg
